Forecast timestamp;Position;Forecast base;2 metre temperature;Minimum temperature at 2 metres;Maximum temperature at 2 metres;Relative humidity;Total water precipitation;Wind speed;Downward short-wave radiation flux;Surface latent heat flux;Surface sensible heat flux;Surface net solar radiation;Surface net thermal radiation;Commune;code_commune
2021-04-12T20:00:00+02:00;43,45,5,5;2021-04-11T05:00:00+02:00;8,033289;8,040125;9,286432;50,510532;10,40625;7,295741;34936284;-16041824;-8688880;29452356;-6723424;Gardanne;13041
2021-04-12T19:00:00+02:00;43,45,5,5;2021-04-11T05:00:00+02:00;9,290765;9,290765;10,163995;49,580002;10,40625;8,035939;34576324;-15280752;-9109664;29150182;-6366528;Gardanne;13041
2021-04-12T20:00:00+02:00;43,45,5,475;2021-04-11T05:00:00+02:00;9,014734;9,008875;10,317682;45,041782;9,710938;7,912929;33514970;-8650592;-12988656;28848196;-8065888;Gardanne;13041
2021-04-12T20:00:00+02:00;43,475,5,45;2021-04-11T05:00:00+02:00;8,392664;8,383875;9,583307;47,948032;9,027344;6,522304;33599964;-11529056;-12339440;28790852;-6441824;Gardanne;13041
2021-04-12T19:00:00+02:00;43,45,5,475;2021-04-11T05:00:00+02:00;10,318109;10,322015;11,24212;43,548752;9,707031;8,692189;33153988;-8441456;-12933280;28541926;-7674688;Gardanne;13041
2021-04-12T19:00:00+02:00;43,475,5,45;2021-04-11T05:00:00+02:00;9,619867;9,61889;10,445245;46,423752;9,027344;6,731252;33240004;-11031152;-12611744;28483558;-6076736;Gardanne;13041
2021-04-12T18:00:00+02:00;43,45,5,5;2021-04-11T05:00:00+02:00;10,146143;10,150049;10,751123;49,355995;10,40625;8,107766;33551800;-14286944;-9237856;28289802;-5990080;Gardanne;13041
2021-04-12T18:00:00+02:00;43,45,5,475;2021-04-11T05:00:00+02:00;11,230127;11,228174;11,829248;43,074745;9,707031;8,740579;32131512;-8149088;-12507488;27668234;-7236288;Gardanne;13041
2021-04-12T18:00:00+02:00;43,475,5,45;2021-04-11T05:00:00+02:00;10,45376;10,446924;10,938623;46,293495;9,027344;7,099954;32219576;-10381408;-12516704;27612938;-5698240;Gardanne;13041
2021-04-12T20:00:00+02:00;43,475,5,475;2021-04-11T05:00:00+02:00;8,591882;8,587;9,927057;47,635532;8,710938;7,116054;33693148;-12561248;-9935088;27554884;-6854496;Gardanne;13041
2021-04-12T19:00:00+02:00;43,475,5,475;2021-04-11T05:00:00+02:00;9,93725;9,947015;10,820245;45,923752;8,710938;7,528127;33333188;-12147312;-10144928;27261926;-6491968;Gardanne;13041
2021-04-12T20:00:00+02:00;43,45,5,45;2021-04-11T05:00:00+02:00;8,255945;8,258875;9,473932;48,666782;9,363281;7,811366;32974298;-13999968;-8353008;27126852;-6551392;Gardanne;13041
2021-04-12T17:00:00+02:00;43,45,5,5;2021-04-11T05:00:00+02:00;10,704492;10,705469;11,053125;51,967457;10,40625;8,147967;31840452;-13130688;-9002352;26850512;-5597904;Gardanne;13041
2021-04-12T19:00:00+02:00;43,45,5,45;2021-04-11T05:00:00+02:00;9,466547;9,46264;10,288995;47,298752;9,363281;8,254689;32613316;-13465200;-8661152;26831846;-6196544;Gardanne;13041
2021-04-12T18:00:00+02:00;43,475,5,475;2021-04-11T05:00:00+02:00;10,832666;10,821924;11,407373;45,574745;8,710938;7,810891;32310712;-11566176;-10032480;26431242;-6103232;Gardanne;13041
2021-04-12T17:00:00+02:00;43,45,5,475;2021-04-11T05:00:00+02:00;11,806055;11,799219;12,178125;45,342457;9,707031;8,87453;30422212;-7792576;-11688304;26201296;-6754000;Gardanne;13041
2021-04-12T17:00:00+02:00;43,475,5,45;2021-04-11T05:00:00+02:00;10,970117;10,971094;11,25625;48,404957;9,027344;7,265154;30514372;-9607104;-11993456;26155216;-5308112;Gardanne;13041
2021-04-12T18:00:00+02:00;43,45,5,45;2021-04-11T05:00:00+02:00;10,292627;10,290674;10,797998;47,449745;9,363281;8,482766;31590840;-12743776;-8668512;25993994;-5819072;Gardanne;13041
2021-04-12T17:00:00+02:00;43,475,5,475;2021-04-11T05:00:00+02:00;11,400781;11,392969;11,75625;47,998707;8,710938;7,968279;30603460;-10827712;-9557360;25038032;-5692112;Gardanne;13041
2021-04-12T16:00:00+02:00;43,45,5,5;2021-04-11T05:00:00+02:00;11,036279;11,03042;11,212061;54,413673;10,40625;8,073769;29521840;-11884080;-8416976;24895962;-5191264;Gardanne;13041
2021-04-12T17:00:00+02:00;43,45,5,45;2021-04-11T05:00:00+02:00;10,799219;10,799219;11,1;49,842457;9,363281;8,632342;29880516;-11845568;-8332656;24589520;-5421264;Gardanne;13041
2021-04-12T16:00:00+02:00;43,45,5,475;2021-04-11T05:00:00+02:00;12,164209;12,171045;12,321436;48,163673;9,707031;8,808144;28108720;-7395888;-10510032;24209882;-6234208;Gardanne;13041
2021-04-12T16:00:00+02:00;43,475,5,45;2021-04-11T05:00:00+02:00;11,285303;11,28042;11,415186;51,663673;9,027344;7,261269;28207024;-8768048;-11045584;24180186;-4909664;Gardanne;13041
2021-04-12T16:00:00+02:00;43,475,5,475;2021-04-11T05:00:00+02:00;11,763818;11,764795;11,946436;50,663673;8,710938;7,948769;28290992;-9977392;-8736464;23147994;-5261408;Gardanne;13041
2021-04-12T16:00:00+02:00;43,45,5,45;2021-04-11T05:00:00+02:00;11,082178;11,077295;11,212061;53,569923;9,363281;8,675331;27564976;-10828336;-7660240;22686170;-5007456;Gardanne;13041
2021-04-12T15:00:00+02:00;43,45,5,5;2021-04-11T05:00:00+02:00;11,183496;11,166895;11,23501;55,79705;10,40625;7,585412;26730208;-10586784;-7555248;22541830;-4770192;Gardanne;13041
2021-04-12T15:00:00+02:00;43,45,5,475;2021-04-11T05:00:00+02:00;12,303613;12,24502;12,32876;49,5158;9,707031;8,257286;25322208;-6974112;-9076912;21808646;-5681552;Gardanne;13041
2021-04-12T15:00:00+02:00;43,475,5,45;2021-04-11T05:00:00+02:00;11,425684;11,33877;11,438135;52,92205;9,027344;6,757287;25428704;-7904928;-9751728;21798406;-4500368;Gardanne;13041
2021-04-12T15:00:00+02:00;43,475,5,475;2021-04-11T05:00:00+02:00;11,946191;11,90127;11,98501;51,85955;8,710938;7,460412;25506528;-9048736;-7647408;20869638;-4810640;Gardanne;13041
2021-04-12T15:00:00+02:00;43,45,5,45;2021-04-11T05:00:00+02:00;11,171777;11,135645;11,188135;55,42205;9,363281;8,108849;24776416;-9745056;-6708400;20391430;-4575632;Gardanne;13041
2021-04-12T14:00:00+02:00;43,45,5,5;2021-04-11T05:00:00+02:00;11,137109;10,757227;11,135889;57,594845;10,404297;6,838781;23644726;-9311808;-6507008;19938612;-4339396;Gardanne;13041
2021-04-12T14:00:00+02:00;43,475,5,45;2021-04-11T05:00:00+02:00;11,369531;11,038477;11,370264;54,657345;9,027344;6,268469;22357558;-7056960;-8239616;19167540;-4082116;Gardanne;13041
2021-04-12T14:00:00+02:00;43,45,5,475;2021-04-11T05:00:00+02:00;12,241602;11,585352;12,245264;51,251095;9,710938;7,440344;22242870;-6548032;-7520768;19154228;-5108164;Gardanne;13041
2021-04-12T14:00:00+02:00;43,475,5,475;2021-04-11T05:00:00+02:00;11,899805;11,632227;11,901514;53,626095;8,710938;6,893469;22428214;-8095296;-6398464;18351412;-4344772;Gardanne;13041
2021-04-12T14:00:00+02:00;43,45,5,45;2021-04-11T05:00:00+02:00;11,110742;10,663477;11,120264;57,594845;9,363281;7,401281;21695030;-8649280;-5573120;17854772;-4130500;Gardanne;13041
2021-04-12T13:00:00+02:00;43,45,5,5;2021-04-11T05:00:00+02:00;10,674951;10,100732;10,675928;62,82827;10,40625;5,833756;20481872;-8145920;-5380112;17271080;-3907623;Gardanne;13041
2021-04-12T13:00:00+02:00;43,475,5,45;2021-04-11T05:00:00+02:00;11,017725;10,303857;11,019678;58,89077;9,025391;5,349381;19205968;-6272000;-6645776;16467752;-3658279;Gardanne;13041
2021-04-12T13:00:00+02:00;43,45,5,475;2021-04-11T05:00:00+02:00;11,593896;10,725732;11,597803;57,57827;9,708984;6,427506;19084112;-6119936;-6013456;16430888;-4536103;Gardanne;13041
2021-04-12T13:00:00+02:00;43,475,5,475;2021-04-11T05:00:00+02:00;11,577295;10,913232;11,582178;57,82827;8,710938;5,865006;19270480;-7183360;-5095440;15768360;-3870247;Gardanne;13041
2021-04-12T13:00:00+02:00;43,45,5,45;2021-04-11T05:00:00+02:00;10,630029;10,038232;10,629053;62,51577;9,363281;6,450943;18533200;-7616000;-4372496;15253288;-3677223;Gardanne;13041
2021-04-12T12:00:00+02:00;43,45,5,5;2021-04-11T05:00:00+02:00;10,071924;8,843896;10,068994;66,866135;10,404297;5,375114;17458818;-7096848;-4300096;14721168;-3486496;Gardanne;13041
2021-04-12T12:00:00+02:00;43,475,5,45;2021-04-11T05:00:00+02:00;10,321924;9,297021;10,318994;62,241135;9,027344;5,242301;16197250;-5609488;-5133632;13890192;-3239456;Gardanne;13041
2021-04-12T12:00:00+02:00;43,45,5,475;2021-04-11T05:00:00+02:00;10,79751;9,593896;10,803369;63,178635;9,708984;6,062614;16067202;-5499920;-4729664;13830288;-4010272;Gardanne;13041
2021-04-12T12:00:00+02:00;43,475,5,475;2021-04-11T05:00:00+02:00;10,903955;9,515771;10,897119;61,178635;8,710938;5,843864;16253058;-6374416;-3880768;13300368;-3404576;Gardanne;13041
2021-04-12T12:00:00+02:00;43,45,5,45;2021-04-11T05:00:00+02:00;10,015283;8,875146;10,006494;65,834885;9,365234;6,211051;15514754;-6704144;-3214656;12769424;-3230752;Gardanne;13041
2021-04-12T11:00:00+02:00;43,45,5,5;2021-04-11T05:00:00+02:00;8,827295;7,442773;8,826563;74,483444;10,404297;4,04337;14793091;-6240432;-3391344;12473168;-3083128;Gardanne;13041
2021-04-12T11:00:00+02:00;43,475,5,45;2021-04-11T05:00:00+02:00;9,248193;7,880273;9,248438;68,139694;9,025391;4,363682;13541763;-5049520;-3856752;11616080;-2835832;Gardanne;13041
2021-04-12T11:00:00+02:00;43,45,5,475;2021-04-11T05:00:00+02:00;9,593896;8,083398;9,592188;70,702194;9,710938;4,402745;13406595;-4802736;-3757936;11538768;-3532664;Gardanne;13041
2021-04-12T11:00:00+02:00;43,475,5,475;2021-04-11T05:00:00+02:00;9,522607;7,911523;9,514063;69,889694;8,710938;4,715245;13591427;-5677744;-2909040;11124560;-2966136;Gardanne;13041
2021-04-12T10:00:00+02:00;43,45,5,5;2021-04-11T05:00:00+02:00;7,409082;6,146387;7,413232;83,629242;10,404297;3,633708;12676550;-5621664;-2733577;10689323;-2720171;Gardanne;13041
2021-04-12T11:00:00+02:00;43,45,5,45;2021-04-11T05:00:00+02:00;8,972803;7,552148;8,967188;71,920944;9,363281;4,848057;12850563;-5921968;-2256240;10577744;-2803576;Gardanne;13041
2021-04-12T10:00:00+02:00;43,475,5,45;2021-04-11T05:00:00+02:00;7,783105;6,380762;7,788232;78,316742;9,025391;4,118083;11413958;-4564896;-2983433;9794347;-2465195;Gardanne;13041
2021-04-12T10:00:00+02:00;43,45,5,475;2021-04-11T05:00:00+02:00;8,098535;6,747949;8,100732;80,535492;9,710938;4,024333;11279302;-4203424;-3125769;9708843;-3112875;Gardanne;13041
2021-04-12T09:00:00+02:00;43,45,5,5;2021-04-11T05:00:00+02:00;6,120752;5,997461;6,337549;90,594589;10,404297;3,441342;11256408;-5201872;-2355224;9494073;-2412944;Gardanne;13041
2021-04-12T10:00:00+02:00;43,475,5,475;2021-04-11T05:00:00+02:00;7,905176;6,466699;7,913232;81,722992;8,710938;4,375896;11459014;-4918176;-2371593;9381675;-2581419;Gardanne;13041
2021-04-12T08:00:00+02:00;43,45,5,5;2021-04-11T05:00:00+02:00;6,213525;5,963525;6,210596;93,826401;10,404297;2,574115;10730949;-4984048;-2230341;9049789;-2231379;Gardanne;13041
2021-04-12T07:00:00+02:00;43,45,5,5;2021-04-11T05:00:00+02:00;6,188867;6,178613;6,562891;97,764877;10,404297;2,776225;10656766;-4850704;-2215046;8987021;-2196834;Gardanne;13041
2021-04-11T21:00:00+02:00;43,45,5,5;2021-04-11T05:00:00+02:00;12,332666;12,338525;12,760889;85,046219;0,000977;2,408846;10656617;-4092063;-2359442;8986888;-1869108;Gardanne;13041
2021-04-12T04:00:00+02:00;43,45,5,5;2021-04-11T05:00:00+02:00;8,306543;8,315332;10,311426;97,752533;6,714844;3,706395;10656617;-4522272;-2144541;8986888;-2090525;Gardanne;13041
2021-04-11T22:00:00+02:00;43,45,5,5;2021-04-11T05:00:00+02:00;12,121973;12,118311;12,318994;82,354385;0,001953;2,125221;10656617;-4130320;-2298749;8986888;-1913395;Gardanne;13041
2021-04-11T23:00:00+02:00;43,45,5,5;2021-04-11T05:00:00+02:00;11,505029;11,505029;12,285791;87,333817;0,000977;1,870056;10656617;-4165280;-2256830;8986888;-1950949;Gardanne;13041
2021-04-12T01:00:00+02:00;43,45,5,5;2021-04-11T05:00:00+02:00;11,221826;11,141748;11,360742;89,575943;0,009766;2,943193;10656617;-4235312;-2161757;8986888;-2030723;Gardanne;13041
2021-04-12T03:00:00+02:00;43,45,5,5;2021-04-11T05:00:00+02:00;10,281396;10,278467;10,819727;98,261475;5,056641;1,743956;10656617;-4337552;-2111226;8986888;-2072518;Gardanne;13041
2021-04-12T05:00:00+02:00;43,45,5,5;2021-04-11T05:00:00+02:00;7,071191;7,080225;8,298975;98,266388;9,158203;3,093287;10656617;-4666032;-2172922;8986888;-2111280;Gardanne;13041
2021-04-12T00:00:00+02:00;43,45,5,5;2021-04-11T05:00:00+02:00;11,421045;11,3771;11,603906;89,196976;0,000977;2,18341;10656617;-4196240;-2209896;8986888;-1992518;Gardanne;13041
2021-04-12T06:00:00+02:00;43,45,5,5;2021-04-11T05:00:00+02:00;6,568262;6,570703;7,075586;98,404678;10,302734;2,257694;10656617;-4769680;-2199939;8986888;-2146524;Gardanne;13041
2021-04-12T02:00:00+02:00;43,45,5,5;2021-04-11T05:00:00+02:00;10,960352;10,933252;11,035791;95,223083;1,128906;1,900564;10656617;-4293904;-2127920;8986888;-2055241;Gardanne;13041
2021-04-11T20:00:00+02:00;43,45,5,5;2021-04-11T05:00:00+02:00;12,81167;12,803857;13,986719;80,601181;0,000977;3,027612;10653033;-4033812;-2446095;8984328;-1800095;Gardanne;13041
2021-04-12T10:00:00+02:00;43,45,5,45;2021-04-11T05:00:00+02:00;7,58291;6,294824;7,585107;81,597992;9,363281;4,579021;10717638;-5193120;-1676809;8824107;-2420907;Gardanne;13041
2021-04-11T19:00:00+02:00;43,45,5,5;2021-04-11T05:00:00+02:00;13,879785;13,884912;14,718652;76,865723;0,000977;3,044566;10422007;-3842998;-2497514;8788975;-1611366;Gardanne;13041
2021-04-12T09:00:00+02:00;43,475,5,45;2021-04-11T05:00:00+02:00;6,349756;5,966211;6,345361;86,563339;9,027344;3,871029;9936472;-4120528;-2544152;8531001;-2133392;Gardanne;13041
2021-04-12T09:00:00+02:00;43,45,5,475;2021-04-11T05:00:00+02:00;6,770166;6,497461;6,767236;87,344589;9,710938;3,636654;9818200;-3730384;-2792472;8454713;-2755984;Gardanne;13041
2021-04-11T18:00:00+02:00;43,45,5,5;2021-04-11T05:00:00+02:00;14,789941;14,660059;15,214502;72,173309;0,000977;2,515822;10018277;-3599346;-2490427;8447114;-1498466;Gardanne;13041
2021-04-11T17:00:00+02:00;43,45,5,5;2021-04-11T05:00:00+02:00;15,182275;14,595361;15,181787;72,594376;0,000977;2,465213;9706605;-3343804;-2442684;8183614;-1412114;Gardanne;13041
2021-04-12T09:00:00+02:00;43,475,5,475;2021-04-11T05:00:00+02:00;6,48208;6,278711;6,525049;88,750839;8,710938;4,363217;9978456;-4315600;-2115096;8173114;-2243472;Gardanne;13041
2021-04-12T08:00:00+02:00;43,475,5,45;2021-04-11T05:00:00+02:00;6,130518;6,1354;6,288721;92,107651;9,027344;3,113177;9327557;-3852528;-2448453;8008893;-1913171;Gardanne;13041
2021-04-12T08:00:00+02:00;43,45,5,475;2021-04-11T05:00:00+02:00;6,693506;6,54165;6,773096;90,263901;9,708984;3,08974;9252293;-3511024;-2680901;7967421;-2542419;Gardanne;13041
2021-04-12T07:00:00+02:00;43,475,5,45;2021-04-11T05:00:00+02:00;6,263086;6,272363;6,703516;95,577377;9,027344;2,97935;9250814;-3682320;-2502790;7942542;-1827682;Gardanne;13041
2021-04-11T21:00:00+02:00;43,475,5,45;2021-04-11T05:00:00+02:00;12,749658;12,744775;13,339014;81,108719;0,005859;2,526033;9250665;-2813599;-2753170;7942408;-1468980;Gardanne;13041
2021-04-11T22:00:00+02:00;43,475,5,45;2021-04-11T05:00:00+02:00;12,275293;12,274561;12,693994;83,791885;0,006836;1,640846;9250665;-2836496;-2699645;7942408;-1517363;Gardanne;13041
2021-04-12T03:00:00+02:00;43,475,5,45;2021-04-11T05:00:00+02:00;9,761865;9,762842;10,882227;97,136475;4,177734;1,892393;9250665;-3038096;-2595066;7942408;-1652422;Gardanne;13041
2021-04-12T04:00:00+02:00;43,475,5,45;2021-04-11T05:00:00+02:00;8,30459;8,315332;9,733301;97,033783;5,677734;3,526707;9250665;-3268896;-2565917;7942408;-1669917;Gardanne;13041
2021-04-12T05:00:00+02:00;43,475,5,45;2021-04-11T05:00:00+02:00;7,075098;7,080225;8,28335;96,922638;7,822266;2,640162;9250665;-3453616;-2549242;7942408;-1707056;Gardanne;13041
2021-04-11T23:00:00+02:00;43,475,5,45;2021-04-11T05:00:00+02:00;11,286279;11,286279;12,207666;87,193192;0,006836;1,893494;9250665;-2861216;-2676670;7942408;-1556709;Gardanne;13041
2021-04-12T00:00:00+02:00;43,475,5,45;2021-04-11T05:00:00+02:00;11,009912;11,009912;11,291406;91,884476;0,016602;2,659973;9250665;-2892688;-2649192;7942408;-1593414;Gardanne;13041
2021-04-12T02:00:00+02:00;43,475,5,45;2021-04-11T05:00:00+02:00;10,88418;10,855127;11,082666;97,176208;1,884766;1,322439;9250665;-2934032;-2604592;7942408;-1638473;Gardanne;13041
2021-04-12T06:00:00+02:00;43,475,5,45;2021-04-11T05:00:00+02:00;6,695215;6,695703;7,044336;97,123428;8,970703;1,999881;9250665;-3570064;-2528643;7942408;-1760220;Gardanne;13041
2021-04-12T01:00:00+02:00;43,475,5,45;2021-04-11T05:00:00+02:00;10,952295;10,954248;11,095117;92,997818;0,111328;0,990068;9250665;-2914352;-2618461;7942408;-1620355;Gardanne;13041
2021-04-11T20:00:00+02:00;43,475,5,45;2021-04-11T05:00:00+02:00;13,354639;13,366357;13,971094;76,601181;0,005859;2,605737;9248617;-2755348;-2839823;7940872;-1406623;Gardanne;13041
2021-04-12T07:00:00+02:00;43,45,5,475;2021-04-11T05:00:00+02:00;6,697168;6,694238;7,125391;93,796127;9,708984;2,924662;9182718;-3392528;-2658438;7907214;-2493538;Gardanne;13041
2021-04-12T03:00:00+02:00;43,45,5,475;2021-04-11T05:00:00+02:00;10,423975;10,419092;11,804102;94,323975;4,794922;2,384581;9182569;-3000208;-2574074;7907080;-2304198;Gardanne;13041
2021-04-12T01:00:00+02:00;43,45,5,475;2021-04-11T05:00:00+02:00;12,320459;12,282373;12,470117;83,185318;0,025391;2,388506;9182569;-2873904;-2581597;7907080;-2248067;Gardanne;13041
2021-04-12T05:00:00+02:00;43,45,5,475;2021-04-11T05:00:00+02:00;7,560449;7,5646;8,8146;94,453888;8,591797;2,757349;9182569;-3254448;-2621434;7907080;-2369840;Gardanne;13041
2021-04-12T06:00:00+02:00;43,45,5,475;2021-04-11T05:00:00+02:00;7,134668;7,133203;7,528711;94,842178;9,644531;2,062381;9182569;-3330960;-2644867;7907080;-2424284;Gardanne;13041
2021-04-12T02:00:00+02:00;43,45,5,475;2021-04-11T05:00:00+02:00;11,687891;11,683252;12,332666;92,394958;1,332031;2,806814;9182569;-2942224;-2566704;7907080;-2283081;Gardanne;13041
2021-04-11T21:00:00+02:00;43,45,5,475;2021-04-11T05:00:00+02:00;13,338525;13,338525;13,854639;78,264969;0;2,846346;9182569;-2825375;-2609298;7907080;-2057268;Gardanne;13041
2021-04-11T22:00:00+02:00;43,45,5,475;2021-04-11T05:00:00+02:00;12,994043;12,977686;13,334619;78,291885;0,000977;2,101783;9182569;-2840592;-2598269;7907080;-2114099;Gardanne;13041
2021-04-12T04:00:00+02:00;43,45,5,475;2021-04-11T05:00:00+02:00;8,825098;8,830957;10,342676;94,283783;6,439453;4,15952;9182569;-3141920;-2597661;7907080;-2330909;Gardanne;13041
2021-04-11T23:00:00+02:00;43,45,5,475;2021-04-11T05:00:00+02:00;12,573389;12,567529;12,988916;82,333817;0,000977;1,323181;9182569;-2852000;-2594750;7907080;-2162405;Gardanne;13041
2021-04-12T00:00:00+02:00;43,45,5,475;2021-04-11T05:00:00+02:00;12,464014;12,463037;12,619531;82,728226;0,000977;1,644348;9182569;-2859920;-2593384;7907080;-2208582;Gardanne;13041
2021-04-11T20:00:00+02:00;43,45,5,475;2021-04-11T05:00:00+02:00;13,84585;13,850732;14,564844;74,507431;0;3,160424;9179497;-2800404;-2623247;7904520;-1980319;Gardanne;13041
2021-04-11T19:00:00+02:00;43,475,5,45;2021-04-11T05:00:00+02:00;14,005762;13,994287;14,359277;73,928223;0,005859;3,267222;9090807;-2621366;-2888682;7805935;-1314022;Gardanne;13041
2021-04-11T19:00:00+02:00;43,45,5,475;2021-04-11T05:00:00+02:00;14,638574;14,634912;15,671777;71,428223;0;3,66566;8994551;-2733494;-2569706;7745007;-1825894;Gardanne;13041
2021-04-12T08:00:00+02:00;43,475,5,475;2021-04-11T05:00:00+02:00;6,504053;6,369775;6,569971;91,576401;8,710938;3,535052;9379269;-4040432;-2063429;7682749;-2027859;Gardanne;13041
2021-04-12T09:00:00+02:00;43,45,5,45;2021-04-11T05:00:00+02:00;6,286279;5,974023;6,282861;88,282089;9,363281;4,285092;9238104;-4594640;-1403416;7609914;-2084752;Gardanne;13041
2021-04-12T07:00:00+02:00;43,475,5,475;2021-04-11T05:00:00+02:00;6,531152;6,522363;6,906641;94,952377;8,710938;3,088725;9281534;-3917328;-2097798;7603086;-1943906;Gardanne;13041
2021-04-12T05:00:00+02:00;43,475,5,475;2021-04-11T05:00:00+02:00;7,368066;7,361475;8,53335;95,485138;7,494141;3,093287;9281385;-3799216;-2125818;7602952;-1822768;Gardanne;13041
2021-04-12T06:00:00+02:00;43,475,5,475;2021-04-11T05:00:00+02:00;6,921777;6,914453;7,356836;96,029678;8,644531;2,406131;9281385;-3868048;-2112899;7602952;-1875676;Gardanne;13041
2021-04-11T21:00:00+02:00;43,475,5,475;2021-04-11T05:00:00+02:00;12,899072;12,901025;13,651514;81,108719;0;3,041658;9281385;-3388063;-2282130;7602952;-1588276;Gardanne;13041
2021-04-11T22:00:00+02:00;43,475,5,475;2021-04-11T05:00:00+02:00;12,275293;12,274561;12,912744;83,83876;0,010742;1,929908;9281385;-3406864;-2251133;7602952;-1632563;Gardanne;13041
2021-04-12T00:00:00+02:00;43,475,5,475;2021-04-11T05:00:00+02:00;10,984521;10,978662;11,213281;93,040726;0,014648;3,199035;9281385;-3469200;-2200168;7602952;-1699142;Gardanne;13041
2021-04-11T23:00:00+02:00;43,475,5,475;2021-04-11T05:00:00+02:00;11,213037;11,223779;12,207666;88,693192;0,009766;2,620056;9281385;-3443360;-2227646;7602952;-1669349;Gardanne;13041
2021-04-12T01:00:00+02:00;43,475,5,475;2021-04-11T05:00:00+02:00;11,034326;10,954248;11,048242;92,654068;0,037109;1,732256;9281385;-3488816;-2171485;7602952;-1726595;Gardanne;13041
2021-04-12T02:00:00+02:00;43,475,5,475;2021-04-11T05:00:00+02:00;11,062891;11,042627;11,238916;95,019958;1,560547;1,197439;9281385;-3509008;-2155056;7602952;-1745993;Gardanne;13041
2021-04-12T03:00:00+02:00;43,475,5,475;2021-04-11T05:00:00+02:00;10,037256;10,028467;11,054102;95,761475;4,265625;2,259581;9281385;-3559824;-2144506;7602952;-1761478;Gardanne;13041
2021-04-12T04:00:00+02:00;43,475,5,475;2021-04-11T05:00:00+02:00;8,553613;8,549707;10,030176;95,565033;5,472656;4,511082;9281385;-3694880;-2138397;7602952;-1779997;Gardanne;13041
2021-04-11T20:00:00+02:00;43,475,5,475;2021-04-11T05:00:00+02:00;13,638818;13,647607;14,424219;74,507431;0;3,246362;9279337;-3327764;-2351375;7601416;-1528479;Gardanne;13041
2021-04-11T18:00:00+02:00;43,475,5,45;2021-04-11T05:00:00+02:00;14,308496;14,300684;14,964502;74,360809;0,005859;1,121291;8820709;-2468850;-2933819;7573643;-1234530;Gardanne;13041
2021-04-11T19:00:00+02:00;43,475,5,475;2021-04-11T05:00:00+02:00;14,424707;14,150537;14,546777;73,021973;0;3,85316;9075959;-3195318;-2370538;7434735;-1397222;Gardanne;13041
2021-04-11T18:00:00+02:00;43,45,5,475;2021-04-11T05:00:00+02:00;15,677637;15,675684;15,948877;65,892059;0;3,804885;8617445;-2625010;-2446907;7420043;-1697762;Gardanne;13041
2021-04-11T17:00:00+02:00;43,475,5,45;2021-04-11T05:00:00+02:00;14,971338;14,657861;15,369287;71,313126;0,005859;2,930057;8617069;-2304956;-2889148;7396670;-1162642;Gardanne;13041
2021-04-11T17:00:00+02:00;43,45,5,475;2021-04-11T05:00:00+02:00;16,151025;15,876611;16,213037;66,125626;0;2,437869;8387181;-2517948;-2344380;7221054;-1585042;Gardanne;13041
2021-04-11T18:00:00+02:00;43,475,5,475;2021-04-11T05:00:00+02:00;14,325098;14,331934;15,167627;74,892059;0;2,144728;8765925;-3073522;-2391099;7179915;-1301346;Gardanne;13041
2021-04-12T08:00:00+02:00;43,45,5,45;2021-04-11T05:00:00+02:00;6,102686;6,10415;6,257471;92,107651;9,363281;3,699115;8657861;-4325616;-1354309;7131837;-1876563;Gardanne;13041
2021-04-12T05:00:00+02:00;43,45,5,45;2021-04-11T05:00:00+02:00;7,101465;7,09585;8,40835;95,735138;8,320313;2,983912;8582505;-4047024;-1397242;7070472;-1691696;Gardanne;13041
2021-04-12T03:00:00+02:00;43,45,5,45;2021-04-11T05:00:00+02:00;9,891748;9,887842;11,257227;95,167725;4,443359;2,431456;8582505;-3765648;-1407226;7070472;-1632454;Gardanne;13041
2021-04-12T06:00:00+02:00;43,45,5,45;2021-04-11T05:00:00+02:00;6,709863;6,711328;7,059961;96,248428;9,310547;2,093631;8582505;-4121488;-1393539;7070472;-1741020;Gardanne;13041
2021-04-11T21:00:00+02:00;43,45,5,45;2021-04-11T05:00:00+02:00;12,681299;12,682275;13,214014;82,171219;0,000977;3,151033;8582505;-3532447;-1624722;7070472;-1452084;Gardanne;13041
2021-04-12T01:00:00+02:00;43,45,5,45;2021-04-11T05:00:00+02:00;11,770654;11,766748;11,860742;88,466568;0,078125;2,669756;8582505;-3625520;-1467997;7070472;-1586563;Gardanne;13041
2021-04-12T04:00:00+02:00;43,45,5,45;2021-04-11T05:00:00+02:00;8,415918;8,409082;9,905176;95,846283;6,195313;4,245457;8582505;-3923744;-1400093;7070472;-1653277;Gardanne;13041
2021-04-11T23:00:00+02:00;43,45,5,45;2021-04-11T05:00:00+02:00;11,878076;11,880029;12,270166;88,849442;0,00293;1,948181;8582505;-3586720;-1542078;7070472;-1528037;Gardanne;13041
2021-04-11T22:00:00+02:00;43,45,5,45;2021-04-11T05:00:00+02:00;12,246973;12,243311;12,756494;84,43251;0,00293;2,273658;8582505;-3563024;-1577853;7070472;-1494323;Gardanne;13041
2021-04-12T00:00:00+02:00;43,45,5,45;2021-04-11T05:00:00+02:00;11,881006;11,884912;11,947656;88,353226;0,004883;2,050598;8582505;-3598224;-1513576;7070472;-1561670;Gardanne;13041
2021-04-12T02:00:00+02:00;43,45,5,45;2021-04-11T05:00:00+02:00;11,241602;11,245752;11,738916;95,254333;1,466797;2,916189;8582505;-3698448;-1413680;7070472;-1616201;Gardanne;13041
2021-04-12T07:00:00+02:00;43,45,5,45;2021-04-11T05:00:00+02:00;6,232813;6,225488;6,734766;94,764877;9,363281;3,315287;8582654;-4190224;-1383558;7070094;-1805922;Gardanne;13041
2021-04-11T20:00:00+02:00;43,45,5,45;2021-04-11T05:00:00+02:00;13,207178;13,210107;13,892969;79,257431;0,000977;3,472924;8579945;-3464468;-1700111;7068424;-1393823;Gardanne;13041
2021-04-11T17:00:00+02:00;43,475,5,475;2021-04-11T05:00:00+02:00;15,149072;14,626611;15,150537;70,906876;0;3,765994;8548461;-2882236;-2301884;6999870;-1217682;Gardanne;13041
2021-04-11T19:00:00+02:00;43,45,5,45;2021-04-11T05:00:00+02:00;13,945215;13,947412;15,046777;74,615723;0,000977;3,864878;8415991;-3321782;-1732586;6932975;-1292134;Gardanne;13041
2021-04-11T16:00:00+02:00;43,45,5,5;2021-04-11T05:00:00+02:00;14,794092;14,608789;15,575342;75,304489;0,000977;3,203424;8111437,5;-2795706;-2036894;6843307;-1167105;Gardanne;13041
2021-04-11T16:00:00+02:00;43,475,5,45;2021-04-11T05:00:00+02:00;15,237451;14,218164;15,465967;71,116989;0,005859;3,137017;7813453,5;-2032570;-2686110;6705579;-1048321;Gardanne;13041
2021-04-11T18:00:00+02:00;43,45,5,45;2021-04-11T05:00:00+02:00;15,059473;15,066309;15,761377;69,985809;0,000977;3,949416;8047589;-3095538;-1705531;6627467;-1188578;Gardanne;13041
2021-04-11T17:00:00+02:00;43,45,5,45;2021-04-11T05:00:00+02:00;16,025049;15,532861;16,056787;64,531876;0,000977;2,336307;7648365;-2808764;-1626044;6296382;-1082898;Gardanne;13041
2021-04-11T16:00:00+02:00;43,45,5,475;2021-04-11T05:00:00+02:00;15,789209;15,452539;16,059717;70,085739;0;3,472955;7228237,5;-2264506;-1965214;6225323;-1357441;Gardanne;13041
2021-04-11T16:00:00+02:00;43,475,5,475;2021-04-11T05:00:00+02:00;15,071436;14,952539;15,465967;71,085739;0;3,605767;7592269,5;-2610618;-2088606;6217643;-1072257;Gardanne;13041
2021-04-11T15:00:00+02:00;43,475,5,45;2021-04-11T05:00:00+02:00;14,353418;14,346582;15,119287;70,452057;0,005859;1,718512;7096327,5;-1827584;-2591962;6088862;-967687;Gardanne;13041
2021-04-11T15:00:00+02:00;43,45,5,5;2021-04-11T05:00:00+02:00;15,000879;14,299707;15,009912;69,545807;0,000977;2,620855;7205895,5;-2353408;-1858522;6078366;-1064967;Gardanne;13041
2021-04-11T14:00:00+02:00;43,475,5,45;2021-04-11T05:00:00+02:00;14,939111;14,069238;14,94082;69,042099;0,005859;3,971619;6759769;-1594027;-2429942;5795450;-886235;Gardanne;13041
2021-04-11T15:00:00+02:00;43,475,5,475;2021-04-11T05:00:00+02:00;14,877832;14,830957;15,181787;67,858307;0;2,265387;7073799,5;-2425856;-2031066;5790878;-993927;Gardanne;13041
2021-04-11T15:00:00+02:00;43,45,5,475;2021-04-11T05:00:00+02:00;15,495996;14,971582;15,494287;66,389557;0;2,339605;6392327,5;-2041600;-1734106;5506718;-1225479;Gardanne;13041
2021-04-11T14:00:00+02:00;43,475,5,475;2021-04-11T05:00:00+02:00;15,160791;13,694238;15,15957;68,885849;0;4,807557;6596953;-2138795;-1784054;5397114;-880091;Gardanne;13041
2021-04-11T14:00:00+02:00;43,45,5,5;2021-04-11T05:00:00+02:00;14,145166;13,022363;14,143945;75,698349;0,000977;3,245057;6380633;-1942699;-1734390;5384826;-973403;Gardanne;13041
2021-04-11T16:00:00+02:00;43,45,5,45;2021-04-11T05:00:00+02:00;15,338037;14,765039;15,684717;72,835739;0,000977;3,808892;6240077,5;-2349754;-1261726;5136299;-875649;Gardanne;13041
2021-04-11T14:00:00+02:00;43,45,5,475;2021-04-11T05:00:00+02:00;14,808252;14,100488;14,97207;72,042099;0;3,448182;5930329;-1860267;-1576182;5106810;-1113691;Gardanne;13041
2021-04-11T15:00:00+02:00;43,45,5,45;2021-04-11T05:00:00+02:00;14,700098;14,268457;14,697412;70,608307;0,000977;1,921637;5173767,5;-2020096;-1041370;4257182;-756615;Gardanne;13041
2021-04-11T14:00:00+02:00;43,45,5,45;2021-04-11T05:00:00+02:00;14,091455;13,366113;14,300195;74,604599;0,000977;3,897401;4806489;-1839787;-994294;3949946;-686043;Gardanne;13041
2021-04-11T13:00:00+02:00;43,475,5,45;2021-04-11T05:00:00+02:00;13,971582;11,868066;13,971826;77,015335;0,005859;3,283467;4429291,5;-1078275;-1339276;3801466;-623111;Gardanne;13041
2021-04-11T13:00:00+02:00;43,45,5,5;2021-04-11T05:00:00+02:00;13,590723;11,993066;13,721826;82,859085;0,000977;3,095967;4440299,5;-1234435;-1027724;3756410;-731911;Gardanne;13041
2021-04-11T13:00:00+02:00;43,45,5,475;2021-04-11T05:00:00+02:00;14,837793;12,977441;14,924951;75,046585;0;3,174092;4357099,5;-1371907;-947596;3748986;-857991;Gardanne;13041
2021-04-11T13:00:00+02:00;43,475,5,475;2021-04-11T05:00:00+02:00;13,671777;11,602441;13,674951;81,171585;0;3,927999;4046059,25;-1473795;-829324;3310970;-562567;Gardanne;13041
2021-04-11T13:00:00+02:00;43,45,5,45;2021-04-11T05:00:00+02:00;14,297754;12,524316;14,315576;74,702835;0,000977;2,91628;3829227,25;-1409539;-648588;3148922;-579335;Gardanne;13041
2021-04-11T12:00:00+02:00;43,45,5,475;2021-04-11T05:00:00+02:00;12,942285;11,777979;12,949365;84,447647;0;2,457932;2100294,25;-710036;-348183;1804669;-547937;Gardanne;13041
2021-04-11T12:00:00+02:00;43,45,5,5;2021-04-11T05:00:00+02:00;11,854395;10,762354;11,855615;90,260147;0,000977;2,254807;2098246,25;-581908;-269975;1775485;-466337;Gardanne;13041
2021-04-11T12:00:00+02:00;43,45,5,45;2021-04-11T05:00:00+02:00;12,67373;11,746729;12,668115;85,478897;0,000977;2,446213;2106694,25;-743572;-209943;1732605;-417313;Gardanne;13041
2021-04-11T12:00:00+02:00;43,475,5,45;2021-04-11T05:00:00+02:00;11,855371;10,637354;11,855615;89,822647;0,004883;2,473557;2012742,25;-554516;-358679;1726589;-351841;Gardanne;13041
2021-04-11T12:00:00+02:00;43,475,5,475;2021-04-11T05:00:00+02:00;11,631738;10,543604;11,636865;93,885147;0;2,805588;1733958,25;-660500;-192535;1418621;-301537;Gardanne;13041
2021-04-11T11:00:00+02:00;43,45,5,475;2021-04-11T05:00:00+02:00;11,70376;11,193262;11,693994;88,027527;0;1,655163;1373362,875;-475295;-216574;1179850;-478250;Gardanne;13041
2021-04-11T11:00:00+02:00;43,475,5,45;2021-04-11T05:00:00+02:00;10,983057;10,287012;10,975244;91,996277;0,004883;2,108288;1344946,875;-406687;-194686;1152330;-297642;Gardanne;13041
2021-04-11T11:00:00+02:00;43,45,5,45;2021-04-11T05:00:00+02:00;11,637354;10,771387;11,631494;89,683777;0,000977;1,6161;1395122,875;-501535;-119934;1145802;-360298;Gardanne;13041
2021-04-11T11:00:00+02:00;43,45,5,5;2021-04-11T05:00:00+02:00;10,531885;10,271387;10,553369;93,433777;0,000977;1,702038;1226162,875;-390431;-87038;1037641;-408362;Gardanne;13041
2021-04-11T11:00:00+02:00;43,475,5,475;2021-04-11T05:00:00+02:00;10,576807;10,349512;10,709619;95,152527;0;2,495007;1035442,813;-447391;-85374;846921;-260202;Gardanne;13041
2021-04-11T10:00:00+02:00;43,45,5,475;2021-04-11T05:00:00+02:00;11,104883;10,119287;11,107813;91,872955;0;1,861826;931236,625;-263208;-104009;800163;-406812;Gardanne;13041
2021-04-11T10:00:00+02:00;43,45,5,5;2021-04-11T05:00:00+02:00;10,255273;9,494287;10,248438;94,91983;0,000977;2,072764;876260,625;-236200;51639;740579;-363868;Gardanne;13041
2021-04-11T10:00:00+02:00;43,475,5,45;2021-04-11T05:00:00+02:00;10,335352;9,197412;10,342188;95,310455;0,004883;2,053233;851876,625;-244392;-40265;728675;-257692;Gardanne;13041
2021-04-11T10:00:00+02:00;43,45,5,45;2021-04-11T05:00:00+02:00;10,575586;9,322412;10,576563;94,29483;0,000977;2,021983;878116,625;-252456;-27721;720483;-306076;Gardanne;13041
2021-04-11T10:00:00+02:00;43,475,5,475;2021-04-11T05:00:00+02:00;10,292383;9,384912;10,295313;97,54483;0;2,064951;731172,625;-265896;-6857;596323;-218972;Gardanne;13041
2021-04-11T09:00:00+02:00;43,45,5,475;2021-04-11T05:00:00+02:00;10,110742;8,767969;10,115625;93,983627;0;1,624493;352456,2188;-83595;9907;303093;-346108;Gardanne;13041
2021-04-11T09:00:00+02:00;43,475,5,45;2021-04-11T05:00:00+02:00;9,172266;8,080469;9,1625;94,733627;0,004883;1,483868;348328,2188;-133259;84787;298005;-233468;Gardanne;13041
2021-04-11T09:00:00+02:00;43,45,5,5;2021-04-11T05:00:00+02:00;9,388086;8,955469;9,459375;97,827377;0;1,976056;331176,2188;-117387;189491;279413;-327292;Gardanne;13041
2021-04-11T09:00:00+02:00;43,45,5,45;2021-04-11T05:00:00+02:00;9,31875;7,689844;9,31875;94,343002;0,000977;1,472149;336968,2188;-71051;53555;276629;-271548;Gardanne;13041
2021-04-11T09:00:00+02:00;43,475,5,475;2021-04-11T05:00:00+02:00;9,365625;8,392969;9,365625;96,046127;0;1,581524;315528,2188;-134923;71219;257461;-193532;Gardanne;13041
2021-04-11T08:00:00+02:00;43,475,5,45;2021-04-11T05:00:00+02:00;8,022852;7,667139;8,016016;93,604736;0,004883;0,785493;111592;-71513;101060;95608;-214430;Gardanne;13041
2021-04-11T08:00:00+02:00;43,45,5,475;2021-04-11T05:00:00+02:00;8,627344;7,917139;8,625391;90,604736;0;0,816743;110560;-42073;43844;95056;-313054;Gardanne;13041
2021-04-11T08:00:00+02:00;43,45,5,45;2021-04-11T05:00:00+02:00;7,730859;7,245264;7,734766;94,651611;0,001953;0,887055;112080;-27289;59844;92064;-257630;Gardanne;13041
2021-04-11T08:00:00+02:00;43,45,5,5;2021-04-11T05:00:00+02:00;8,551172;7,839014;8,547266;96,057861;0;1,101899;94448;-82521;206404;79776;-305182;Gardanne;13041
2021-04-11T08:00:00+02:00;43,475,5,475;2021-04-11T05:00:00+02:00;8,288477;7,948389;8,281641;93,057861;0;0,094087;93016;-70169;87748;75912;-175582;Gardanne;13041
2021-04-11T06:00:00+02:00;43,475,5,475;2021-04-11T05:00:00+02:00;8,714502;8,719629;8,919336;90,581894;0;1,730458;0;-64282;63328,375;0;-27245,875;Gardanne;13041
2021-04-11T06:00:00+02:00;43,475,5,45;2021-04-11T05:00:00+02:00;8,798486;8,547754;8,841211;89,738144;0,004883;1,480458;0;-45050;61216,375;0;-16797,875;Gardanne;13041
2021-04-11T07:00:00+02:00;43,475,5,475;2021-04-11T05:00:00+02:00;8,017969;7,830469;8,665674;93,843781;0;0,876304;0;-66939;83816;0;-141531,375;Gardanne;13041
2021-04-11T07:00:00+02:00;43,475,5,45;2021-04-11T05:00:00+02:00;7,992578;8,002344;8,946924;93,796906;0,004883;0,712242;0;-61499;95208;0;-135259,375;Gardanne;13041
2021-04-11T06:00:00+02:00;43,45,5,475;2021-04-11T05:00:00+02:00;9,420557;9,422754;9,747461;88,394394;0;0,816395;0;-41754;39936,375;0;-84045,875;Gardanne;13041
2021-04-11T07:00:00+02:00;43,45,5,5;2021-04-11T05:00:00+02:00;8,226953;8,080469;8,618799;95,750031;0;1,360679;0;-79803;198248;0;-250363,375;Gardanne;13041
2021-04-11T06:00:00+02:00;43,45,5,45;2021-04-11T05:00:00+02:00;8,902979;8,907129;9,169336;90,753769;0,001465;1,51952;0;-23962;30720,375;0;-26717,875;Gardanne;13041
2021-04-11T07:00:00+02:00;43,45,5,475;2021-04-11T05:00:00+02:00;8,339258;8,346094;9,165674;91,984406;0;1,423179;0;-32891;54312;0;-235067,375;Gardanne;13041
2021-04-11T06:00:00+02:00;43,45,5,5;2021-04-11T05:00:00+02:00;8,835596;8,782129;9,091211;93,285019;0,000488;1,949208;0;-83066;135072,375;0;-97949,875;Gardanne;13041
2021-04-11T07:00:00+02:00;43,45,5,45;2021-04-11T05:00:00+02:00;7,464258;7,455469;8,868799;94,906281;0,000977;1,610679;0;-24251;54120;0;-172859,375;Gardanne;13041
2021-04-11T05:00:00+02:00;43,475,5,45;2021-04-11T05:00:00+02:00;8,711572;;;87,394806;;2,357613;;;;;;Gardanne;13041
2021-04-11T05:00:00+02:00;43,475,5,475;2021-04-11T05:00:00+02:00;8,883447;;;87,191681;;3,25605;;;;;;Gardanne;13041
2021-04-11T05:00:00+02:00;43,45,5,45;2021-04-11T05:00:00+02:00;9,132471;;;86,176056;;2,834175;;;;;;Gardanne;13041
2021-04-11T05:00:00+02:00;43,45,5,475;2021-04-11T05:00:00+02:00;9,647119;;;84,738556;;3,146675;;;;;;Gardanne;13041
2021-04-11T05:00:00+02:00;43,45,5,5;2021-04-11T05:00:00+02:00;8,6979;;;88,082306;;4,021675;;;;;;Gardanne;13041
